metrica,Telemetria (A),AgentRx (B),delta_A_menos_B,melhor
Passo exato,0.6666666666666666,0.7666666666666667,-0.10000000000000009,B
Passo ±1,0.9,0.9666666666666667,-0.06666666666666665,B
Passo ±3,1,1,0,empate
Passo ±5,1,1,0,empate
Dist. passo (média),0.4888889,0.3222222,0.1666667,B
Dist. passo (norm.),0.09777776666666667,0.06444446666666667,0.033333299999999996,B
Categoria crítica,0.8,0.8333333333333334,-0.033333333333333326,B
Categoria (any),0.8,0.8333333333333334,-0.033333333333333326,B
